{
  "states": [
    "k_motivation",
    "k_drive"
  ],
  "dt": 0.1,
  "steps": 10,
  "trajectory": [
    [
      1.0,
      1.0
    ],
    [
      0.95,
      0.95
    ],
    [
      0.9025,
      0.9025
    ],
    [
      0.857375,
      0.857375
    ],
    [
      0.814506,
      0.814506
    ],
    [
      0.773781,
      0.773781
    ],
    [
      0.735092,
      0.735092
    ],
    [
      0.698337,
      0.698337
    ],
    [
      0.66342,
      0.66342
    ],
    [
      0.630249,
      0.630249
    ],
    [
      0.598737,
      0.598737
    ]
  ]
}
