{
  "states": [
    "m_stressor",
    "m_appraisal",
    "m_anxiety"
  ],
  "dt": 0.1,
  "steps": 10,
  "trajectory": [
    [
      1.0,
      1.0,
      1.0
    ],
    [
      0.95,
      1.05,
      1.05
    ],
    [
      0.9025,
      1.0925,
      1.1025
    ],
    [
      0.857375,
      1.128125,
      1.156625
    ],
    [
      0.814506,
      1.157456,
      1.211606
    ],
    [
      0.773781,
      1.181034,
      1.266772
    ],
    [
      0.735092,
      1.19936,
      1.321536
    ],
    [
      0.698337,
      1.212902,
      1.375396
    ],
    [
      0.66342,
      1.22209,
      1.427916
    ],
    [
      0.630249,
      1.227328,
      1.478729
    ],
    [
      0.598737,
      1.228986,
      1.527526
    ]
  ]
}
