{
  "states": [
    "c_arousal",
    "c_perceived_threat",
    "c_avoidance"
  ],
  "dt": 0.1,
  "steps": 10,
  "trajectory": [
    [
      1.0,
      1.0,
      1.0
    ],
    [
      1.05,
      1.05,
      1.05
    ],
    [
      1.1025,
      1.1025,
      1.1025
    ],
    [
      1.157625,
      1.157625,
      1.157625
    ],
    [
      1.215506,
      1.215506,
      1.215506
    ],
    [
      1.276282,
      1.276282,
      1.276282
    ],
    [
      1.340096,
      1.340096,
      1.340096
    ],
    [
      1.4071,
      1.4071,
      1.4071
    ],
    [
      1.477455,
      1.477455,
      1.477455
    ],
    [
      1.551328,
      1.551328,
      1.551328
    ],
    [
      1.628895,
      1.628895,
      1.628895
    ]
  ]
}
